base_lr,integration_lambda,effective_lr,train_data_seed,training_seed,eval_data_seed,n_segments,initial_general_bpt,mean_general_post_merge_bpt,mean_general_post_merge_score,mean_general_gain_bpt,matched_full_mean_score,advantage_over_matched_full
4e-06,1.0,4e-06,0,0,0,200,4.224092381369832,4.200041628994333,-4.200041628994333,0.024050752375499584,-4.200041628994333,0.0
4e-06,1.0,4e-06,1,1,0,200,4.224104216115243,4.198435081654317,-4.198435081654317,0.02566913446092567,-4.198435081654317,0.0
4e-06,1.0,4e-06,2,2,0,200,4.224092381369832,4.200170503381903,-4.200170503381903,0.023921877987929108,-4.200170503381903,0.0
6e-06,1.0,6e-06,0,0,0,200,4.224092381369832,4.194490688505696,-4.194490688505696,0.029601692864136275,-4.194490688505696,0.0
6e-06,1.0,6e-06,1,1,0,200,4.224104216115243,4.192475092681118,-4.192475092681118,0.03162912343412483,-4.192475092681118,0.0
6e-06,1.0,6e-06,2,2,0,200,4.224092381369832,4.195259893931318,-4.195259893931318,0.028832487438513965,-4.195259893931318,0.0
8e-06,1.0,8e-06,0,0,0,200,4.224092381369832,4.191087852968952,-4.191087852968952,0.03300452840088042,-4.191087852968952,0.0
8e-06,1.0,8e-06,1,1,0,200,4.224104216115243,4.188737131952274,-4.188737131952274,0.035367084162968965,-4.188737131952274,0.0
8e-06,1.0,8e-06,2,2,0,200,4.224092381369832,4.192258090563025,-4.192258090563025,0.031834290806807,-4.192258090563025,0.0
1e-05,0.4,4e-06,0,0,0,200,4.224092381369832,4.199149475281892,-4.199149475281892,0.02494290608794003,-4.200041628994333,0.0008921537124404466
1e-05,0.4,4e-06,1,1,0,200,4.224104216115243,4.197445976562849,-4.197445976562849,0.026658239552393326,-4.198435081654317,0.000989105091467657
1e-05,0.4,4e-06,2,2,0,200,4.224092381369832,4.199060349569576,-4.199060349569576,0.02503203180025615,-4.200170503381903,0.0011101538123270416
1e-05,0.6,6e-06,0,0,0,200,4.224092381369832,4.193672158027899,-4.193672158027899,0.030420223341933728,-4.194490688505696,0.0008185304777974522
1e-05,0.6,6e-06,1,1,0,200,4.224104216115243,4.191625251364892,-4.191625251364892,0.03247896475035095,-4.192475092681118,0.0008498413162261187
1e-05,0.6,6e-06,2,2,0,200,4.224092381369832,4.194150258703244,-4.194150258703244,0.029942122666588133,-4.195259893931318,0.0011096352280741684
1e-05,0.8,8e-06,0,0,0,200,4.224092381369832,4.190498535554514,-4.190498535554514,0.03359384581531799,-4.191087852968952,0.0005893174144375735
1e-05,0.8,8e-06,1,1,0,200,4.224104216115243,4.1881730588510235,-4.1881730588510235,0.03593115726421914,-4.188737131952274,0.0005640731012501732
1e-05,0.8,8e-06,2,2,0,200,4.224092381369832,4.191493290144439,-4.191493290144439,0.03259909122539373,-4.192258090563025,0.0007648004185867308
1e-05,1.0,1e-05,0,0,0,200,4.224092381369832,4.18903311549183,-4.18903311549183,0.03505926587800268,-4.18903311549183,0.0
1e-05,1.0,1e-05,1,1,0,200,4.224104216115243,4.18643570837027,-4.18643570837027,0.037668507744972324,-4.18643570837027,0.0
1e-05,1.0,1e-05,2,2,0,200,4.224092381369832,4.19046127455161,-4.19046127455161,0.033631106818222456,-4.19046127455161,0.0
1.2e-05,1.0,1.2e-05,0,0,0,200,4.224092381369832,4.18793117057453,-4.18793117057453,0.03616121079530199,-4.18793117057453,0.0
1.2e-05,1.0,1.2e-05,1,1,0,200,4.224104216115243,4.1851260223441935,-4.1851260223441935,0.03897819377104916,-4.1851260223441935,0.0
1.2e-05,1.0,1.2e-05,2,2,0,200,4.224092381369832,4.1894452293600715,-4.1894452293600715,0.03464715200976087,-4.1894452293600715,0.0
1.6e-05,1.0,1.6e-05,0,0,0,200,4.224092381369832,4.187451201048146,-4.187451201048146,0.03664118032168595,-4.187451201048146,0.0
1.6e-05,1.0,1.6e-05,1,1,0,200,4.224104216115243,4.1842774255167114,-4.1842774255167114,0.039826790598531225,-4.1842774255167114,0.0
1.6e-05,1.0,1.6e-05,2,2,0,200,4.224092381369832,4.188993310801704,-4.188993310801704,0.035099070568128,-4.188993310801704,0.0
1.8e-05,1.0,1.8e-05,0,0,0,200,4.224092381369832,4.187769025690718,-4.187769025690718,0.036323355679114044,-4.187769025690718,0.0
1.8e-05,1.0,1.8e-05,1,1,0,200,4.224104216115243,4.184416252180974,-4.184416252180974,0.0396879639342691,-4.184416252180974,0.0
1.8e-05,1.0,1.8e-05,2,2,0,200,4.224092381369832,4.189316128816501,-4.189316128816501,0.034776252553331055,-4.189316128816501,0.0
2e-05,0.4,8e-06,0,0,0,200,4.224092381369832,4.189364982702042,-4.189364982702042,0.03472739866779051,-4.191087852968952,0.0017228702669100926
2e-05,0.4,8e-06,1,1,0,200,4.224104216115243,4.1868151832917215,-4.1868151832917215,0.03728903282352114,-4.188737131952274,0.0019219486605521752
2e-05,0.4,8e-06,2,2,0,200,4.224092381369832,4.189778792035473,-4.189778792035473,0.03431358933435913,-4.192258090563025,0.0024792985275521318
2e-05,0.6,1.2e-05,0,0,0,200,4.224092381369832,4.185942916407682,-4.185942916407682,0.038149464962150326,-4.18793117057453,0.0019882541668483356
2e-05,0.6,1.2e-05,1,1,0,200,4.224104216115243,4.183109753986646,-4.183109753986646,0.040994462128596254,-4.1851260223441935,0.0020162683575470908
2e-05,0.6,1.2e-05,2,2,0,200,4.224092381369832,4.186917842217128,-4.186917842217128,0.03717453915270408,-4.1894452293600715,0.002527387142943205
2e-05,0.8,1.6e-05,0,0,0,200,4.224092381369832,4.185879129353002,-4.185879129353002,0.038213252016830346,-4.187451201048146,0.0015720716951443947
2e-05,0.8,1.6e-05,1,1,0,200,4.224104216115243,4.182757642308529,-4.182757642308529,0.041346573806714026,-4.1842774255167114,0.001519783208182801
2e-05,0.8,1.6e-05,2,2,0,200,4.224092381369832,4.187245916402517,-4.187245916402517,0.03684646496731503,-4.188993310801704,0.00174739439918703
2e-05,1.0,2e-05,0,0,0,200,4.224092381369832,4.1883509476847,-4.1883509476847,0.03574143368513205,-4.1883509476847,0.0
2e-05,1.0,2e-05,1,1,0,200,4.224104216115243,4.184808886420641,-4.184808886420641,0.03929532969460148,-4.184808886420641,0.0
2e-05,1.0,2e-05,2,2,0,200,4.224092381369832,4.189883036840057,-4.189883036840057,0.03420934452977509,-4.189883036840057,0.0
2.4e-05,1.0,2.4e-05,0,0,0,200,4.224092381369832,4.190093213627791,-4.190093213627791,0.03399916774204126,-4.190093213627791,0.0
2.4e-05,1.0,2.4e-05,1,1,0,200,4.224104216115243,4.186196227936577,-4.186196227936577,0.0379079881786657,-4.186196227936577,0.0
2.4e-05,1.0,2.4e-05,2,2,0,200,4.224092381369832,4.191574683107255,-4.191574683107255,0.032517698262577,-4.191574683107255,0.0
3e-05,0.4,1.2e-05,0,0,0,200,4.224092381369832,4.185096083847083,-4.185096083847083,0.03899629752274958,-4.18793117057453,0.002835086727447589
3e-05,0.4,1.2e-05,1,1,0,200,4.224104216115243,4.182095004382675,-4.182095004382675,0.042009211732567664,-4.1851260223441935,0.0030310179615185007
3e-05,0.4,1.2e-05,2,2,0,200,4.224092381369832,4.1856269983411485,-4.1856269983411485,0.03846538302868385,-4.1894452293600715,0.0038182310189229796
3e-05,0.6,1.8e-05,0,0,0,200,4.224092381369832,4.184288331279274,-4.184288331279274,0.03980405009055854,-4.187769025690718,0.003480694411444496
3e-05,0.6,1.8e-05,1,1,0,200,4.224104216115243,4.181071535352338,-4.181071535352338,0.043032680762904896,-4.184416252180974,0.0033447168286357964
3e-05,0.6,1.8e-05,2,2,0,200,4.224092381369832,4.185417046848366,-4.185417046848366,0.0386753345214661,-4.189316128816501,0.003899081968135043
3e-05,0.8,2.4e-05,0,0,0,200,4.224092381369832,4.187354466421433,-4.187354466421433,0.036737914948399286,-4.190093213627791,0.0027387472063580276
3e-05,0.8,2.4e-05,1,1,0,200,4.224104216115243,4.183696761772295,-4.183696761772295,0.040407454342947347,-4.186196227936577,0.0024994661642816496
3e-05,0.8,2.4e-05,2,2,0,200,4.224092381369832,4.188808030752385,-4.188808030752385,0.03528435061744695,-4.191574683107255,0.0027666523548699473
3e-05,1.0,3e-05,0,0,0,200,4.224092381369832,4.193675101138218,-4.193675101138218,0.03041728023161472,-4.193675101138218,0.0
3e-05,1.0,3e-05,1,1,0,200,4.224104216115243,4.18919919235099,-4.18919919235099,0.034905023764252974,-4.18919919235099,0.0
3e-05,1.0,3e-05,2,2,0,200,4.224092381369832,4.195190012386573,-4.195190012386573,0.028902368983259485,-4.195190012386573,0.0
3.2e-05,1.0,3.2e-05,0,0,0,200,4.224092381369832,4.195012822810962,-4.195012822810962,0.029079558558870566,-4.195012822810962,0.0
3.2e-05,1.0,3.2e-05,1,1,0,200,4.224104216115243,4.190381927781182,-4.190381927781182,0.03372228833406066,-4.190381927781182,0.0
3.2e-05,1.0,3.2e-05,2,2,0,200,4.224092381369832,4.196557761235685,-4.196557761235685,0.027534620134147758,-4.196557761235685,0.0
4e-05,0.4,1.6e-05,0,0,0,200,4.224092381369832,4.1832851640945,-4.1832851640945,0.040807217275331986,-4.187451201048146,0.004166036953646035
4e-05,0.4,1.6e-05,1,1,0,200,4.224104216115243,4.1799789025979965,-4.1799789025979965,0.044125313517246134,-4.1842774255167114,0.004298522918714909
4e-05,0.4,1.6e-05,2,2,0,200,4.224092381369832,4.1839264770058415,-4.1839264770058415,0.04016590436399081,-4.188993310801704,0.005066833795862813
4e-05,0.6,2.4e-05,0,0,0,200,4.224092381369832,4.184985476069979,-4.184985476069979,0.03910690529985317,-4.190093213627791,0.005107737557811909
4e-05,0.6,2.4e-05,1,1,0,200,4.224104216115243,4.181331121598015,-4.181331121598015,0.04277309451722733,-4.186196227936577,0.004865106338561631
4e-05,0.6,2.4e-05,2,2,0,200,4.224092381369832,4.186218016156028,-4.186218016156028,0.037874365213804495,-4.191574683107255,0.005356666951227496
4e-05,0.8,3.2e-05,0,0,0,200,4.224092381369832,4.190965808745389,-4.190965808745389,0.033126572624443185,-4.195012822810962,0.004047014065572618
4e-05,0.8,3.2e-05,1,1,0,200,4.224104216115243,4.186743186881422,-4.186743186881422,0.03736102923382045,-4.190381927781182,0.003638740899759796
4e-05,0.8,3.2e-05,2,2,0,200,4.224092381369832,4.1924953200789155,-4.1924953200789155,0.031597061290916884,-4.196557761235685,0.004062441156769125
4e-05,1.0,4e-05,0,0,0,200,4.224092381369832,4.200882973207418,-4.200882973207418,0.02320940816241457,-4.200882973207418,0.0
4e-05,1.0,4e-05,1,1,0,200,4.224104216115243,4.195679830438092,-4.195679830438092,0.028424385677150887,-4.195679830438092,0.0
4e-05,1.0,4e-05,2,2,0,200,4.224092381369832,4.202530195999116,-4.202530195999116,0.021562185370716414,-4.202530195999116,0.0
