base_lr,integration_lambda,effective_lr,n_seeds,n_segments_per_seed,eval_data_seed,initial_general_bpt_mean,initial_general_bpt_sd,general_post_merge_bpt_mean,general_post_merge_bpt_sd,general_post_merge_score_mean,general_post_merge_score_sd,general_gain_bpt_mean,general_gain_bpt_sd,matched_full_score_mean,matched_full_score_sd,paired_advantage_mean,paired_advantage_sd
4e-06,1.0,4e-06,3,200,0,4.224096326284969,6.832793448446396e-06,4.199549071343518,0.0009668929220327107,-4.199549071343518,0.0009668929220327107,0.024547254941451453,0.0009737106316070952,-4.199549071343518,0.0009668929220327107,0.0,0.0
6e-06,1.0,6e-06,3,200,0,4.224096326284969,6.832793448446396e-06,4.194075225039377,0.0014381366136997319,-4.194075225039377,0.0014381366136997319,0.03002110124559169,0.0014447216914730944,-4.194075225039377,0.0014381366136997319,0.0,0.0
8e-06,1.0,8e-06,3,200,0,4.224096326284969,6.832793448446396e-06,4.19069435849475,0.0017931580551019239,-4.19069435849475,0.0017931580551019239,0.03340196779021879,0.001799618230482171,-4.19069435849475,0.0017931580551019239,0.0,0.0
1e-05,0.4,4e-06,3,200,0,4.224096326284969,6.832793448446396e-06,4.198551933804772,0.0009588231921844904,-4.198551933804772,0.0009588231921844904,0.025544392480196503,0.0009656486541853828,-4.199549071343518,0.0009668929220327107,0.0009971375387450483,0.00010922179747920926
1e-05,0.6,6e-06,3,200,0,4.224096326284969,6.832793448446396e-06,4.193149222698678,0.001341272356232555,-4.193149222698678,0.001341272356232555,0.030947103586290936,0.0013479963031877897,-4.194075225039377,0.0014381366136997319,0.0009260023406992465,0.00015979946853796038
1e-05,0.8,8e-06,3,200,0,4.224096326284969,6.832793448446396e-06,4.190054961516659,0.001703981339609614,-4.190054961516659,0.001703981339609614,0.03404136476831029,0.0017105177379199855,-4.19069435849475,0.0017931580551019239,0.0006393969780914924,0.00010933359960738495
1e-05,1.0,1e-05,3,200,0,4.224096326284969,6.832793448446396e-06,4.188643366137903,0.002040888088370025,-4.188643366137903,0.002040888088370025,0.035452960147065816,0.0020472903907238086,-4.188643366137903,0.002040888088370025,0.0,0.0
1.2e-05,1.0,1.2e-05,3,200,0,4.224096326284969,6.832793448446396e-06,4.187500807426265,0.0021915283801586783,-4.187500807426265,0.0021915283801586783,0.03659551885870401,0.002197941833843153,-4.187500807426265,0.0021915283801586783,0.0,0.0
1.6e-05,1.0,1.6e-05,3,200,0,4.224096326284969,6.832793448446396e-06,4.186907312455521,0.0024045279383268494,-4.186907312455521,0.0024045279383268494,0.03718901382944839,0.002411000899137005,-4.186907312455521,0.0024045279383268494,0.0,0.0
1.8e-05,1.0,1.8e-05,3,200,0,4.224096326284969,6.832793448446396e-06,4.187167135562731,0.0025047757495380634,-4.187167135562731,0.0025047757495380634,0.03692919072223807,0.002511275422373438,-4.187167135562731,0.0025047757495380634,0.0,0.0
2e-05,0.4,8e-06,3,200,0,4.224096326284969,6.832793448446396e-06,4.188652986009745,0.0016049762191045103,-4.188652986009745,0.0016049762191045103,0.03544334027522359,0.001611752238478219,-4.19069435849475,0.0017931580551019239,0.0020413724850048,0.00039210007110386205
2e-05,0.6,1.2e-05,3,200,0,4.224096326284969,6.832793448446396e-06,4.185323504203819,0.001978165210872061,-4.185323504203819,0.001978165210872061,0.03877282208115022,0.001984788013565459,-4.187500807426265,0.0021915283801586783,0.0021773032224462105,0.0003035049625014985
2e-05,0.8,1.6e-05,3,200,0,4.224096326284969,6.832793448446396e-06,4.185294229354683,0.0023005938563157814,-4.185294229354683,0.0023005938563157814,0.03880209693028647,0.002307119121477391,-4.186907312455521,0.0024045279383268494,0.0016130831008380753,0.00011921897967739713
2e-05,1.0,2e-05,3,200,0,4.224096326284969,6.832793448446396e-06,4.1876809569818,0.0026025787742535436,-4.1876809569818,0.0026025787742535436,0.03641536930316954,0.0026091096541067814,-4.1876809569818,0.0026025787742535436,0.0,0.0
2.4e-05,1.0,2.4e-05,3,200,0,4.224096326284969,6.832793448446396e-06,4.189288041557208,0.0027781597422007137,-4.189288041557208,0.0027781597422007137,0.03480828472776132,0.0027847457814506892,-4.189288041557208,0.0027781597422007137,0.0,0.0
3e-05,0.4,1.2e-05,3,200,0,4.224096326284969,6.832793448446396e-06,4.184272695523635,0.001904526602351712,-4.184272695523635,0.001904526602351712,0.039823630761333696,0.0019112929357812394,-4.187500807426265,0.0021915283801586783,0.00322811190262969,0.0005203630373904526
3e-05,0.6,1.8e-05,3,200,0,4.224096326284969,6.832793448446396e-06,4.183592304493326,0.002254818730097071,-4.183592304493326,0.002254818730097071,0.040504021791643176,0.0022614346892370547,-4.187167135562731,0.0025047757495380634,0.003574831069405112,0.00028892293047108646
3e-05,0.8,2.4e-05,3,200,0,4.224096326284969,6.832793448446396e-06,4.186619752982038,0.002633651557292385,-4.186619752982038,0.002633651557292385,0.03747657330293119,0.002640219700914842,-4.189288041557208,0.0027781597422007137,0.002668288575169875,0.00014686874800975408
3e-05,1.0,3e-05,3,200,0,4.224096326284969,6.832793448446396e-06,4.192688101958593,0.0031149810128025365,-4.192688101958593,0.0031149810128025365,0.031408224326375724,0.0031216091610181246,-4.192688101958593,0.0031149810128025365,0.0,0.0
3.2e-05,1.0,3.2e-05,3,200,0,4.224096326284969,6.832793448446396e-06,4.193984170609276,0.0032138487407566067,-4.193984170609276,0.0032138487407566067,0.030112155675692993,0.0032204816475654425,-4.193984170609276,0.0032138487407566067,0.0,0.0
4e-05,0.4,1.6e-05,3,200,0,4.224096326284969,6.832793448446396e-06,4.182396847899446,0.002118411001945769,-4.182396847899446,0.002118411001945769,0.04169947838552298,0.002125165317637654,-4.186907312455521,0.0024045279383268494,0.004510464556074585,0.000486362191141494
4e-05,0.6,2.4e-05,3,200,0,4.224096326284969,6.832793448446396e-06,4.184178204608007,0.0025414956256638557,-4.184178204608007,0.0025414956256638557,0.03991812167696166,0.00254812503714401,-4.189288041557208,0.0027781597422007137,0.0051098369492003455,0.0002457870309114405
4e-05,0.8,3.2e-05,3,200,0,4.224096326284969,6.832793448446396e-06,4.190068105235242,0.002979288971302291,-4.190068105235242,0.002979288971302291,0.03402822104972684,0.002985893337649115,-4.193984170609276,0.0032138487407566067,0.003916065374033846,0.00024029387592951735
4e-05,1.0,4e-05,3,200,0,4.224096326284969,6.832793448446396e-06,4.199697666548208,0.003575694476208893,-4.199697666548208,0.003575694476208893,0.024398659736760624,0.0035823438893719814,-4.199697666548208,0.003575694476208893,0.0,0.0
